V85969,Dr. Ebony Trantow,SI
X10028,Princess Cayla Ledner,TI
Z99573,Lady Kathryn Ondricka,TI
Y00313,Mrs. Addison Bosco,TK
G89197,Lady Flavie Schmeler,TI
W22924,Mrs. Michaela Crist,TK
R17004,Mrs. Maureen Nienow,TI
P82076,Mrs. Yasmeen Rohan,TI
Z39183,Miss Kaelyn Batz,MI
K72077,Mrs. Alexane Kuhn,TI
F18109,Ms. Esther Stoltenberg,MI
L69749,Princess Rebeca Erdman,TK
H78723,Ms. Charlotte D'Amore,MI
M79717,Ms. Misty McClure,TI
P17583,Mrs. Yazmin Walter,MI
W08858,Princess Clare Champlin,MI
D57827,Prof. Delphine Fritsch,TI
R36836,Princess Kianna Kreiger,TI
O29019,Dr. Bonnie Oberbrunner,TK
C92345,Miss Myriam Kohler,TK
P52616,Mrs. Yvonne Hodkiewicz,SI
R63189,Ms. Sasha Lindgren,SI
A61813,Mrs. Dayna Jaskolski,TK
Y83140,Miss Camylle Nikolaus,MI
E59464,Miss Letitia Sporer,TK
N69114,Dr. Nelda Lehner,SI
C79545,Ms. Janelle Nikolaus,SI
V97751,Ms. Nikki Bosco,MI
F07623,Princess Athena Stracke,TI
S25622,Ms. Amya Herman,TK
J76814,Lady Twila Heaney,TI
L38227,Dr. Lauretta Williamson,TI
X23711,Mrs. Effie Padberg,TI
O90389,Dr. Itzel Gislason,TK
T75435,Mrs. Shany Hauck,TK
L85302,Mrs. Cassie Casper,TI
Y81942,Mrs. Alanna Runolfsdottir,SI
Y75592,Prof. Esther Okuneva,SI
J55367,Queen Alisha Lehner,TI
Z94872,Queen Maritza Welch,TK
D58149,Prof. Ottilie Crooks,SI
U54085,Princess Mya Osinski,TK
P20560,Princess Lucy Schmeler,TK
O61051,Queen Matilda Kris,TI
Q35766,Princess Wilhelmine Moen,MI
A08205,Prof. Tracy Blick,MI
Q64163,Mrs. Lelia Gislason,SI
J90583,Queen Brionna Nikolaus,TK
U39711,Dr. Adah Walter,SI
B13403,Prof. Allie Dickens,MI
F09606,Ms. Helene Dicki,TI
P26187,Ms. Baby Emmerich,TI
Y72434,Queen Maureen Dibbert,TK
W46965,Dr. Greta Green,SI
Y46620,Queen Antonia Mosciski,MI
M98137,Mrs. Zula Bode,SI
W22776,Queen Mandy Gulgowski,SI
V52225,Dr. Kara Reynolds,SI
C41901,Queen Cynthia Heathcote,SI
P82701,Miss Ayla Heidenreich,TK
W27137,Queen Sabryna Monahan,MI
F81172,Miss Myrtis Schaefer,SI
J29056,Queen Misty Emard,TI
W86027,Dr. Guadalupe Renner,TI
Z12460,Mrs. Susan Bergnaum,TK
Q36333,Prof. Adella Weissnat,MI
B66198,Miss Birdie Abbott,MI
F39141,Mrs. Virginie Lebsack,MI
P21388,Mrs. Cheyenne Streich,MI
R63442,Mrs. Ocie Smitham,TI
Z91161,Lady Gisselle Osinski,TK
Y87541,Ms. Taya Weber,TI
V30554,Princess Rose Stroman,TK
N48938,Lady Albertha Yost,SI
S22960,Prof. Tess Wintheiser,MI
Q31256,Mrs. Chelsea Schulist,TK
H32334,Ms. Mattie Grimes,SI
V01670,Queen Kasandra Stokes,TI
Q00863,Princess Tianna Hickle,TI
M83012,Queen Kenyatta Huel,SI
C08625,Prof. Rosalinda Larson,SI
D20774,Lady Heloise Pouros,TI
Q10640,Lady Marisa Boyle,SI
R14700,Lady Maymie Dibbert,MI
M51349,Princess Christa Koepp,TI
F05480,Princess Willow Quitzon,TI
P21759,Miss Addison Bartoletti,TI
Y68456,Prof. Camila Feeney,MI
C87180,Dr. Ellen Gerhold,SI
U85412,Princess Michele Koepp,TK
J30165,Queen Orie Nolan,TK
W27994,Queen Euna Wehner,TK
I22364,Mrs. Annalise Heathcote,TK
Q37739,Lady Dora Borer,MI
S14234,Dr. Florence Kovacek,MI
O71023,Dr. Brenda Batz,TI
M53253,Princess Lora Crooks,MI
U95437,Princess Claudie Bechtelar,TI
B55703,Princess Roxane Breitenberg,MI
P80523,Mrs. Althea Gibson,SI
D84613,Queen Aleen Tremblay,SI
J88179,Miss Lorine Adams,TK
W89238,Queen Holly Metz,SI
I90718,Queen Shyann Hartmann,SI
U95802,Lady Bettie Rice,MI
E18063,Lady Virginie Brown,TI
W73990,Mrs. Lottie Stokes,SI
R82791,Queen Antonina Homenick,TK
Z66755,Princess Ettie Becker,SI
L36333,Queen Calista Rath,TK
X15047,Prof. Sydnie Goldner,TI
S88632,Mrs. Rosemarie Purdy,TI
W69036,Mrs. Charlene Veum,TK
B92198,Dr. Eryn Ratke,SI
W59706,Ms. Freda Kautzer,TK
G02138,Prof. Stefanie Okuneva,SI
D62093,Miss Anissa Kuhlman,SI
U78077,Princess Danika Cassin,TI
D10107,Lady Viva Anderson,TI
R91907,Prof. Virginie Stanton,TK
F79130,Queen Heidi Howe,TI
V53008,Mrs. Dessie Barton,MI
D75387,Miss Hollie Corkery,MI
C40030,Mrs. Krystina Hoppe,TI
U62514,Princess Mariah Larson,TK
F89655,Princess Kelli Swift,MI
X42387,Dr. Maddison Auer,TI
F08824,Dr. Arlie Moore,SI
A71344,Ms. Frieda Becker,TK
F72963,Mrs. Angie Zemlak,SI
J05890,Miss Savanna Wiegand,SI
S08221,Ms. Sophie Mante,SI
H68525,Lady Maymie Johns,TK
G94780,Princess Kallie Kassulke,MI
X28949,Ms. Coralie Greenholt,MI
A19350,Queen Nella Hoeger,TK
K52224,Mrs. Guadalupe Rice,TK
H64548,Princess Kelly DuBuque,TK
C98304,Ms. Eileen Hermiston,TK
V64238,Prof. Minnie Herman,SI
K42350,Mrs. Georgianna Lynch,TI
L49592,Prof. Erica Murphy,MI
B25712,Dr. Opal Dietrich,MI
K00840,Miss Makayla Schowalter,TK
T59912,Lady Hailee Rau,MI
H92615,Dr. Oceane Sipes,TK
W57684,Mrs. Charity Ferry,TI
F74022,Prof. Karen Nikolaus,SI
Z31230,Mrs. Brenda Stehr,TK
A66677,Queen Lulu Hilll,SI
G40092,Princess Antonietta Berge,TK
W90004,Princess Elmira Bins,SI
Y40080,Princess Christine Crona,TK
J59029,Queen Elissa Cummings,TK
F32515,Mrs. Claire Mante,TK
Y29826,Dr. Concepcion Bauch,SI
H50897,Dr. Zoe Dare,TK
M46569,Queen Kamille Conn,MI
H12225,Mrs. Gia D'Amore,TI
H47977,Dr. Eve West,MI
R78326,Ms. Hermina Bradtke,MI
X34231,Queen Telly Satterfield,TK
V79871,Mrs. Josiane Sanford,TI
M84756,Queen Lori Walsh,TK
T16150,Prof. Jessyca Kihn,MI
F60257,Miss Jewel Gibson,TK
K47837,Princess Kathryne Ebert,TK
G01065,Miss Hattie Roberts,SI
O29357,Princess Joannie Parker,TK
Q67332,Mrs. Marianna Hickle,SI
W37648,Princess Katlynn Mohr,MI
B59366,Queen Meggie Rogahn,TI
N43058,Ms. Annamarie O'Keefe,MI
B49364,Lady Marilyne Windler,SI
Z16712,Prof. Emelia Howell,TK
I49257,Lady Sonia Veum,TI
T68771,Mrs. Alia Carroll,TK
H78023,Queen Yasmine Hammes,MI
T49706,Queen Sydni Baumbach,TK
E61183,Miss Scarlett Hauck,TI
V60228,Princess Kathryn O'Kon,TK
B08797,Dr. Arvilla Hand,TI
A95429,Queen Adelle Zulauf,MI
D29567,Prof. Verdie Reichert,MI
X08308,Miss Marguerite Crooks,TK
N42477,Ms. Maudie Hintz,MI
F02323,Queen Layla Stark,TI
S50050,Lady Baby Pagac,SI
S51974,Mrs. Brielle Walsh,TK
V36587,Queen Rahsaan Luettgen,SI
S76742,Lady Emelia Schuster,TI
R84112,Miss Simone Berge,TI
N73011,Ms. Earline Schroeder,TK
K86037,Miss Meagan Purdy,TI
I42600,Dr. Ariane Sipes,TI
O75390,Prof. Kaitlin Hudson,TI
P56287,Miss Hope Streich,SI
N44664,Queen Rosalinda Connelly,SI
Q11301,Miss Kelsie Effertz,SI
R26932,Queen Jeanette Thompson,MI
I19287,Lady River Hilll,SI
D68572,Ms. Esperanza Steuber,TI
S09494,Miss Mazie Hudson,SI
Y14574,Prof. Robyn Johnston,TK
N45064,Queen Graciela Kuhic,TI
M70379,Miss Neoma Skiles,SI
L14238,Ms. Ashleigh Wisoky,MI
M13933,Prof. Zora Sporer,MI
D58146,Princess Miracle Gleason,TI
K46926,Lady Esmeralda Wisoky,TK
S25357,Lady Violet Orn,TK
Z97552,Mrs. Amelia Bernhard,TK
K72020,Princess Brittany Von,TK
U67019,Lady Meta Bartoletti,TK
S18121,Princess Lauren VonRueden,MI
H25739,Lady Paige Pollich,MI
T88396,Ms. Desiree Hills,MI
A82605,Ms. Rosalind Franecki,MI
G69100,Lady Norene Watsica,TK
T12646,Prof. Libbie Schamberger,SI
C15285,Mrs. Tianna Macejkovic,TK
Y44948,Dr. Karina Windler,MI
A00180,Princess Margarete Smitham,MI
J15213,Prof. Zena Kessler,SI
Z11936,Dr. Roma Gottlieb,TI
U85529,Queen Susie Graham,MI
B46336,Dr. Ericka Will,TK
C99841,Miss Alessandra Gutkowski,MI
J34869,Dr. Daija Heaney,MI
S99729,Miss Alvina Gusikowski,TK
L81741,Lady Lori Schultz,TK
O04231,Mrs. Shannon Reilly,MI
E50624,Dr. Viola Koss,SI
H87773,Prof. Rhoda Hettinger,MI
E91079,Ms. Elisabeth Eichmann,TK
K06379,Ms. Hollie Hermiston,TK
W82071,Miss Oleta Rowe,TI
A67806,Mrs. Wanda Eichmann,SI
F48196,Mrs. Michaela Kshlerin,TK
T23956,Ms. Sabrina Marquardt,TK
O33178,Princess Retta Weissnat,SI
I73616,Miss Maureen Witting,TK
G58268,Princess Betty Treutel,TI
V39746,Princess Assunta Durgan,MI
X31449,Princess Aracely Rempel,TK
J70282,Ms. Lavonne Hirthe,TK
Q29649,Miss Zoila Hudson,TI
L63091,Prof. Mara Stroman,MI
G94057,Lady Emmanuelle Satterfield,MI
Q81345,Dr. Halie Zemlak,MI
A28920,Lady Savannah Shields,SI
Z94997,Dr. Kacie Huel,SI
M89109,Miss Nina Waters,MI
Y33029,Miss Modesta Hintz,TI
U76754,Mrs. Asia Stiedemann,MI
U25400,Prof. Rosemarie Weber,TI
P15769,Mrs. Cora Hauck,TK
T55933,Ms. Harmony Wolf,MI
X28552,Miss Vallie Gusikowski,MI
M57139,Miss Tiana Leuschke,SI
Q42010,Miss Rossie Schultz,TI
G00035,Lady Verlie Kozey,TI
Y00566,Princess Magnolia Crooks,TK
S70346,Princess Juana Murphy,MI
W69607,Mrs. Kaitlyn Reynolds,MI
K47938,Ms. April McCullough,TI
U33811,Lady Chaya Koepp,TK
J56206,Princess Effie Torp,MI
V25442,Ms. Myrtle Conn,TK
N72970,Princess Rosemarie Mertz,SI
K60838,Dr. Helga Fahey,TI
G99185,Queen Hildegard Padberg,TI
A04956,Miss Beulah Torp,TK
Y78379,Prof. Drew Kirlin,TK
F57167,Dr. Dakota Oberbrunner,TK
E00005,Dr. Maryse Robel,MI
T78786,Mrs. Lillie Wunsch,TI
X22320,Lady Karlie Keebler,TI
P56017,Princess Emelie Kertzmann,TK
A64516,Prof. Alexandrea Howe,TI
F76213,Miss Lilyan Goodwin,SI
X91197,Mrs. Pasquale Koch,TK
V58566,Princess Lura Legros,SI
Q36944,Miss Ebba Olson,TI
D30105,Miss Cheyanne Quitzon,TK
B07839,Lady Ashleigh Lowe,TI
K61500,Princess Elissa Abshire,SI
Q70805,Queen Danika Boehm,SI
D84324,Mrs. Aniyah Daniel,SI
N05246,Prof. Rebecca Miller,SI
W00988,Lady Krystal Moore,TI
C55241,Ms. Ora Predovic,MI
I31062,Ms. Vanessa Koelpin,TK
L87586,Ms. Emmanuelle McCullough,TI
O54114,Prof. Birdie Krajcik,SI
K47838,Princess Dessie Nicolas,MI
M79303,Mrs. Audreanne Kihn,TK
J51951,Lady Fae Pollich,SI
U50982,Mrs. Patsy Fisher,TI
L20836,Ms. Kirstin Senger,SI
M51168,Dr. Delfina Willms,TI
W34556,Miss Naomi Klocko,TI
N27378,Prof. Carissa Hintz,SI
M57220,Queen Mya Fadel,TI
K12205,Princess Candace Lynch,MI
H24556,Ms. Rosemarie Boyle,SI
Q81725,Ms. Ressie Hartmann,TK
V65861,Dr. Laney Armstrong,SI
D28335,Miss Lucile Nienow,TK
L30037,Miss Della Dooley,TK
I38185,Mrs. Christine Hackett,TK
X48098,Mrs. Emmanuelle Treutel,MI
E26643,Ms. Lucinda Skiles,SI
A69437,Prof. Annamae Collier,MI
J05446,Dr. Crystel Klein,MI
F11962,Prof. Magali Goyette,MI
F87489,Queen Claudia Swaniawski,SI
E26169,Miss Danika Bechtelar,TI
P25090,Miss Piper Deckow,TK
I38767,Dr. Dakota Hartmann,TI
G70560,Prof. Rosalee Farrell,TI
P52819,Miss Robyn Goldner,TK
F38260,Ms. Luna Dietrich,TK
U33153,Prof. Joelle Reynolds,MI
B64363,Mrs. Santina Daniel,SI
A60930,Lady Alvera Haag,MI
S49736,Queen Isabella Grimes,TI
U93328,Ms. Marcella Hartmann,TI
G36370,Prof. Caroline Brown,SI
D56195,Dr. Etha Rice,TK
S22299,Lady Gloria Blanda,SI
U59418,Miss Telly Beatty,TK
H20689,Princess Darlene Streich,MI
V20734,Dr. Marquise Nienow,TK
D26766,Queen Ardella O'Keefe,TI
X73235,Dr. Marie Considine,TK
X13231,Lady Laila Mann,MI
O99451,Lady Aimee Von,MI
C40357,Queen Kaitlyn Rice,MI
D41693,Princess Marlee Pollich,TI
X08920,Queen Alanna Gorczany,TI
A67300,Dr. Abigayle Veum,TK
W24952,Lady Alayna Johnston,TK
P23814,Miss Myrtle Rice,MI
B09819,Dr. Laila Bernhard,TI
I21897,Miss Gregoria Price,MI
Z41674,Mrs. Maurine Koelpin,TK
W07638,Mrs. Matilde Schneider,TK
V16471,Prof. Lina Mraz,MI
M61482,Lady Vada Weber,TK
G85498,Lady Vicky Williamson,TK
M64421,Ms. Katharina Heathcote,TK
R57294,Ms. Leonora Hilpert,TI
M38070,Ms. Dena Haley,TK
C21884,Dr. Name Schiller,TI
K84622,Princess Yolanda Schneider,TK
Y22109,Queen Betty Hayes,TI
B05010,Queen Anahi Reichel,TI
T80765,Dr. Ariane Schmidt,TI
J96571,Ms. Jaunita Pollich,MI
K38878,Queen Maybelle Rath,TI
Y83274,Queen Providenci Gutmann,SI
O89643,Princess Annabel Cruickshank,SI
R08422,Princess Trycia Smith,TI
H84984,Princess Adeline Grimes,TK
F10478,Dr. Bridie Bernhard,SI
I29631,Prof. Gracie Hagenes,SI
H95052,Queen Providenci Wiza,TK
F04481,Dr. Queen Mayert,SI
Q68028,Miss Dandre Koss,SI
Z05129,Princess Kelli Padberg,TK
W62470,Mrs. Mellie Nolan,MI
L61148,Ms. Annette Corkery,TK
R53056,Miss Mabelle Jacobson,TI
J59440,Mrs. Eloisa Gorczany,SI
G87314,Miss Vergie Kuhn,TK
J73070,Dr. Mariana Conroy,TK
P15889,Prof. Ida Carroll,TI
K08188,Lady Shyanne Heller,SI
P76827,Mrs. Fay Ondricka,SI
W78101,Queen Josephine Rogahn,TK
E95302,Lady Shany Wolf,TI
B44744,Queen Summer Koss,MI
I60073,Princess Aniyah Hamill,SI
M00649,Dr. Aurore Runolfsdottir,TK
Z65664,Prof. Ova Maggio,SI
Z17402,Ms. Herta Marks,MI
A35029,Princess Myrtle McDermott,MI
F23968,Prof. Maria Tillman,SI
J64496,Mrs. Mabelle Beatty,MI
W53675,Queen Lilly Jacobi,TK
M72241,Lady Eugenia Oberbrunner,TI
U96849,Prof. Shannon Kub,MI
G48725,Dr. Shaniya Wehner,MI
T26435,Ms. Shany Bahringer,MI
F78599,Princess Emmie Jaskolski,TI
R54487,Mrs. Serenity Sawayn,SI
N58198,Queen Rose Ritchie,TI
V60564,Princess Gladyce Cole,TK
V17539,Prof. Marianna Quitzon,SI
X12754,Mrs. Haylie Orn,SI
N88445,Prof. Maya Balistreri,TK
I82664,Mrs. Emmanuelle Dickens,SI
H63223,Ms. Catherine Spencer,MI
Z83551,Mrs. Angie Prohaska,SI
E46032,Dr. Florine Cummings,SI
S05632,Miss Zella Emard,MI
T03029,Lady Julianne Rodriguez,SI
E43894,Princess Antoinette Breitenberg,MI
K03291,Ms. Ona Hayes,SI
S69406,Lady Bella Will,SI
R21351,Queen Trycia Harris,MI
D03200,Princess Ariane Cassin,SI
Z53551,Queen Asia West,SI
U10294,Lady Meta Doyle,MI
B84536,Lady Lilian Roob,TK
G14332,Ms. Loma Bradtke,TK
I06887,Prof. Eulalia Schowalter,MI
J21746,Mrs. Millie Corkery,TI
R24936,Lady Eulah McCullough,MI
J09082,Princess Leanne Kemmer,SI
N98784,Ms. Hermina Sanford,TI
U34056,Princess Rosalyn Schiller,SI
G11399,Dr. Delphine Hoppe,TI
K95616,Dr. Libbie Padberg,SI
N57168,Prof. Carolanne Streich,SI
T36106,Prof. Erna Connelly,SI
Y85518,Princess Alexandra Adams,TI
N31345,Mrs. Kaylah Upton,MI
B11752,Prof. Minnie Kertzmann,TK
V77278,Miss Martine Strosin,SI
V81836,Mrs. Della Jacobson,TK
O58009,Miss Angie Yost,MI
R77218,Dr. Madeline Turcotte,TI
U04741,Prof. Amya Carter,MI
D74472,Princess Mable Torp,SI
R37455,Ms. Adell Russel,SI
R23435,Prof. Idella Kunze,TI
A96656,Queen Freda Gutmann,TI
T75122,Princess Carissa Reilly,SI
E84532,Prof. Emelia Rohan,SI
G71095,Lady Shakira Reichel,SI
X16305,Ms. Lauren Labadie,TI
R28333,Queen Dena Quigley,TI
M23171,Princess Matilde Mohr,SI
J28796,Lady Ofelia Kris,SI
N48702,Lady Isabella Walsh,SI
Q31336,Ms. Anna Pagac,SI
R37972,Prof. Cecelia Hammes,TK
H62047,Mrs. Herta Stanton,MI
G96001,Mrs. Pearline Tillman,TK
B99983,Mrs. Sydni Bednar,SI
Z34606,Prof. Kendra Mante,MI
Y21923,Queen Estrella Mayer,TI
N15470,Miss Diana Welch,TK
P77421,Queen Greta Kiehn,SI
S57484,Miss Lauren Keebler,TK
Y61434,Miss Shemar Stamm,MI
F25959,Prof. Lillie Schumm,MI
A58860,Ms. Georgette Runte,MI
C43183,Ms. Graciela Fisher,MI
R14707,Lady Beverly Cronin,TI
F47480,Lady Adell Funk,SI
Y79909,Miss Lucienne Larson,TK
C39594,Queen Lysanne Hahn,SI
K51910,Lady Ava Champlin,TK
D33913,Prof. Eve Cremin,TK
G73740,Ms. Margarita Koch,MI
S35941,Mrs. Lilliana Thompson,TI
P71456,Mrs. Phyllis Nitzsche,TI
J02600,Prof. Roxane Doyle,TI
H28763,Queen Alena Powlowski,TI
E63595,Ms. Zaria Dickinson,SI
P17707,Dr. Flossie Krajcik,TI
W24636,Princess Hailee Ortiz,MI
C04264,Prof. Lucinda Stoltenberg,TK
L38405,Prof. Marguerite Koss,TK
Q26490,Prof. Elaina Rogahn,TK
X30313,Lady Rhoda Abernathy,TK
N08196,Dr. Reanna Lemke,SI
J65612,Mrs. Serena Hartmann,TI
G68619,Queen Una Rutherford,TK
W40903,Prof. Anabelle Hane,SI
B66912,Ms. Palma Schiller,TK
Q17259,Dr. Dannie Morar,SI
P58428,Queen Carlee Block,MI
O59985,Dr. Lilian Gusikowski,SI
V00670,Princess Zella Turcotte,SI
Z29596,Miss Imelda Kuhn,TK
S91814,Lady Zoey Wyman,MI
A42894,Prof. Selena Wehner,SI
K22506,Dr. Elsie Robel,TI
F73187,Princess Karelle Luettgen,SI
G53333,Dr. Jody Mohr,MI
Z16031,Princess Adella Romaguera,SI
V68903,Lady Freda Cormier,TI
G30267,Miss Marcelle Schneider,TI
F47694,Miss Molly Hackett,SI
M64668,Ms. Bettie Zboncak,TK
S51449,Dr. Mozell Stanton,MI
Z04299,Mrs. Brisa Morissette,TI
A36948,Miss Verdie Cole,SI
X35625,Mrs. Roma Feil,TI
R79943,Miss Grace Kertzmann,MI
N41520,Queen Heath Cruickshank,TK
Y81136,Ms. Destiny Eichmann,MI
Z49204,Dr. Rosalee Cartwright,SI
H56915,Prof. Katlyn Wilkinson,TK
A08911,Queen Elva Konopelski,TK
Q62985,Mrs. Wilhelmine Paucek,TK
M73434,Mrs. Leslie Crooks,MI
S75501,Mrs. Elenor Schumm,TI
B35955,Queen Gertrude Bins,TK
G53404,Lady Rosie Volkman,TI
L21594,Dr. Domenica Gulgowski,TI
G30814,Queen Margarete Satterfield,MI
Q79153,Miss Julianne Lindgren,TI
J07758,Miss Leatha Donnelly,TK
L66590,Princess Juliet Quigley,SI
W91347,Princess Josefina Sawayn,TK
R91044,Mrs. Suzanne Kuhic,TI
A17505,Dr. Dejah Murray,SI
O78916,Dr. Elisa Jakubowski,SI
S25679,Prof. Rosa Russel,SI
U48793,Queen Reyna Kirlin,TI
J64507,Ms. Aniyah Nitzsche,TK
F44711,Lady Clemmie Kessler,SI
K17620,Miss Samanta Macejkovic,TI
U99927,Prof. Anastasia O'Hara,TK
V15311,Dr. Vickie Carter,TK
O11654,Mrs. Verda Casper,TI
D93049,Prof. Joana Toy,SI
N15518,Miss Adela Bogisich,TK
O48302,Ms. Della Hagenes,SI
V86844,Lady Rachelle Lebsack,SI
R32777,Lady Loren Prohaska,TI
O83058,Lady Corine Lemke,TK
K73441,Miss Hildegard Raynor,TK
R70398,Lady Paige Mayer,SI
S67293,Prof. Noemie Wisoky,TK
P40109,Dr. Hildegard Johns,TK
F20864,Princess Petra Kemmer,SI
P14288,Queen Ruthe Buckridge,SI
C49698,Dr. Marilie Von,MI
I81035,Mrs. Lilly Kozey,TI
B34094,Miss Stacy Mosciski,TI
A77697,Queen Isabel Walker,TK
Q32909,Princess Opal Bogisich,SI
G85953,Queen Susie Aufderhar,TK
J57557,Miss Teresa Connelly,SI
Q06055,Dr. Catalina Klocko,MI
L49122,Lady Ashlynn Towne,TK
J99644,Mrs. Patience Glover,MI
G00966,Ms. Lauryn Koch,MI
W67770,Mrs. Everette Ledner,MI
Q25945,Miss Bernadette Rolfson,TK
Y97143,Ms. Prudence Mueller,SI
I15116,Mrs. Haylie Bahringer,TI
J41783,Ms. Alexane Willms,TK
O72666,Princess Dandre Kunde,SI
O47534,Dr. Claudine Ortiz,TK
M46774,Dr. Destinee Brekke,TI
Z72995,Dr. Hailee Lueilwitz,SI
K30071,Princess Alanis Thompson,TK
Z75848,Miss Josianne Stiedemann,TI
X86857,Prof. Adaline Heathcote,SI
W65563,Queen Wendy Haley,SI
P73262,Prof. Vernice Johns,MI
Z27850,Prof. Shanon Rohan,TI
K78331,Lady Raina Howe,TK
W41859,Princess Rosie Paucek,MI
K40784,Ms. Josefina Littel,TK
M95456,Prof. Ada Williamson,SI
K20357,Dr. Beulah Nienow,TI
B94881,Queen Monique Wuckert,TK
H68506,Lady Hettie Emard,SI
M07644,Princess Erna Hayes,TI
M54002,Princess Candida Kerluke,TI
U72024,Prof. Pansy Sanford,TK
B04023,Dr. Kailey Schmeler,SI
N73833,Ms. Michelle Trantow,TI
D30785,Dr. Brenda Lakin,TK
P30124,Princess Velma Mohr,TK
R61241,Ms. Vilma Hammes,TK
D51361,Dr. Eunice Murazik,TI
K57004,Mrs. Winnifred Krajcik,MI
R06330,Lady Velma Herzog,SI
N18481,Queen Felicity D'Amore,TI
M55587,Lady Jayda Green,TK
T16714,Miss Macy Mosciski,MI
B40931,Prof. Stella Cruickshank,TI
K31951,Lady Nina Heller,TK
O30615,Dr. Tamia Ortiz,SI
V89032,Dr. Pansy White,SI
N77451,Mrs. Bianka Hamill,TI
H46569,Mrs. Shanny Quitzon,MI
F14890,Dr. Amaya Beatty,MI
R96254,Mrs. Elena Hackett,SI
I16263,Miss Melyna Hickle,TI
S12630,Lady Mckayla Jerde,MI
T89705,Princess Margret Powlowski,TK
X76909,Ms. Joanne Langosh,SI
D54943,Miss Hettie Howell,SI
G78590,Princess Sibyl Crooks,MI
H42563,Princess Amber Moore,TK
U27309,Dr. Lelah Altenwerth,TI
R72336,Miss Haylee Fritsch,MI
J78692,Dr. Angie Mayer,TK
S65514,Prof. Evie Kris,SI
L72373,Miss Connie Labadie,TI
S96123,Miss Bette Zemlak,MI
D00134,Princess Sydni Bashirian,MI
O01650,Miss Asha Runte,TI
R00812,Princess Ruth Waelchi,TK
A85089,Ms. Aditya Ankunding,MI
F95213,Mrs. Lera Ward,TI
V91542,Ms. Emily Moore,MI
J05943,Queen Haven Sanford,SI
A32141,Prof. Dianna Brown,TK
W49874,Ms. Annalise Boyer,TI
U43321,Mrs. Catharine Oberbrunner,MI
B92710,Princess Tanya Rodriguez,TI
G79541,Prof. Gerda Haag,TI
H76593,Mrs. Ava Collier,SI
H97248,Mrs. Harmony Beier,MI
U78201,Ms. Shany Graham,TK
G26530,Lady Aglae Ferry,TK
H69990,Dr. Libby Lakin,SI
Y22030,Princess Princess Hettinger,TI
F84754,Miss Destiny Gislason,TK
X76113,Mrs. Mazie Bruen,SI
A07120,Queen Charity Schroeder,TK
T89330,Ms. Millie Terry,TK
E44987,Ms. Juliet Torphy,SI
H26303,Prof. Myrna Kiehn,TK
W90957,Prof. Mina Turcotte,MI
A89917,Mrs. Madilyn Pacocha,TK
X62626,Prof. Laurianne Tromp,SI
M91332,Lady Bernice Hermiston,SI
I59605,Mrs. Juanita Pfannerstill,TK
J96588,Dr. Cheyanne Durgan,MI
V05151,Ms. Lucile Cruickshank,TK
Y03851,Queen Layla Trantow,SI
A58233,Mrs. Dolly Mertz,MI
Y98521,Mrs. Josefa Boyer,TK
T96454,Ms. Emmalee Bednar,TI
E39683,Prof. Alyson Gusikowski,TK
G69638,Mrs. Hildegard Maggio,SI
Q85009,Lady Liza McKenzie,SI
K97757,Miss Brielle Gibson,TK
U03468,Princess Penelope Kiehn,MI
A39483,Lady Samara Batz,TK
B01202,Ms. Elenora Botsford,TK
Q07667,Lady Marietta Medhurst,TK
D18018,Lady Blanche Padberg,TI
Z58879,Queen Destini Leuschke,MI
M43788,Miss Vella Hermiston,TK
Z26856,Miss Ena Conn,TI
D29127,Lady Karianne Kiehn,TI
D93917,Princess Gracie Ruecker,MI
K42400,Miss Rubye Durgan,TK
G38876,Queen Antonina McLaughlin,TI
A20854,Dr. Wilhelmine Rosenbaum,TI
M56963,Queen Janice Gaylord,SI
C95533,Lady Lavada Hackett,TI
W06305,Ms. Maymie Huel,SI
V68816,Dr. Alana Goldner,TK
K17572,Miss Jayne Johns,SI
H25469,Lady Kristina Johnston,SI
W64901,Lady Karlee Kihn,SI
R67506,Prof. Jane Barrows,TI
J51784,Dr. Mossie Roberts,TK
A33898,Lady Alejandra Lindgren,TK
R01808,Queen Verla Kilback,TK
J24454,Miss Odie Kub,TI
P81785,Mrs. Gina Green,TI
B82288,Prof. Lorine Balistreri,MI
O03345,Lady Veda Shanahan,SI
Z30919,Mrs. Beryl Hoppe,SI
L59865,Miss Katharina Balistreri,TI
F57163,Lady Alayna Funk,TK
Z84356,Queen Kaci Armstrong,TI
I84798,Mrs. Alverta Abbott,SI
Q15446,Ms. Melody Paucek,TK
N99594,Lady Lela Windler,TK
M80237,Mrs. Ofelia Collins,TI
Y51710,Miss Leann Schinner,SI
O36533,Princess Carrie Pfeffer,MI
I13755,Ms. Gloria O'Hara,TI
D03014,Mrs. Shaina Funk,MI
B32746,Queen Yvonne Smith,TI
F36901,Prof. Alberta Nitzsche,TI
D40842,Princess Justine Lebsack,TK
G85518,Princess Jailyn Shanahan,TI
C95148,Mrs. Asha Boyer,SI
V05066,Mrs. Kenya Sawayn,SI
B13959,Miss Haven Wuckert,TI
W50345,Lady Sabryna Lynch,SI
T00130,Lady Dorris Reilly,TK
G64444,Miss Nelda Langworth,TK
P07903,Lady Darby Kulas,TI
R59908,Prof. Ashtyn Shields,TI
C77342,Prof. Giovanna West,MI
W66614,Queen Everette Kiehn,TK
B42961,Dr. Gertrude Nienow,SI
T91942,Mrs. Janis Schuster,SI
U80648,Ms. Vivianne Johns,TK
F54107,Miss Reva Rodriguez,TI
C79050,Prof. Queenie Herzog,MI
I86608,Lady Brooklyn O'Kon,TK
D80347,Ms. Asia Heaney,TI
S09191,Miss Vida Mosciski,TK
K19998,Ms. Ottilie Larson,MI
J34349,Prof. Makenzie Bashirian,SI
E37112,Lady Kylie Fisher,TK
Y46251,Lady Ara Muller,TI
Y22384,Mrs. Beverly Quigley,MI
E68532,Dr. Ella Conn,TI
J94576,Princess Claudia Rohan,TI
Z79858,Prof. Elise Sanford,MI
H99310,Dr. Fabiola Klocko,MI
J56842,Ms. Blanche Hickle,TK
Q65219,Lady Sydni Streich,TK
C30788,Mrs. Stephany Harvey,SI
P86510,Mrs. Eryn Will,MI
O58175,Prof. Jada Wolff,TI
K43595,Queen Tressa Heathcote,TI
P62069,Miss Thalia Steuber,TK
B34273,Mrs. Lacey McGlynn,SI
K08141,Queen Alexa Stanton,SI
I22420,Mrs. Verdie Beatty,TK
D05565,Queen Georgianna Zulauf,MI
Y62153,Miss Whitney Rowe,TI
T33405,Princess Imogene Reynolds,MI
X99299,Mrs. Tia Macejkovic,TK
H11490,Dr. Shayna Emard,MI
V38921,Lady Augustine Homenick,TK
F03053,Queen Alia Veum,SI
Z61266,Dr. Lillian Terry,TK
L28470,Mrs. Herta Gleichner,MI
R36445,Dr. Edythe Moore,TI
I57296,Ms. Kara Smith,TK
A99358,Prof. Zetta Wilderman,SI
L34462,Queen Antoinette Trantow,SI
P80974,Dr. Helene Ankunding,TK
O42093,Prof. Gwendolyn Roob,MI
M31037,Dr. Catalina Bechtelar,MI
G37779,Ms. Linnea Gislason,TI
Y21385,Prof. Oceane Sanford,TK
D15359,Miss Bernadine Macejkovic,TK
N41881,Princess Mollie Jenkins,TK
R82434,Ms. Lesly Zulauf,MI
A40916,Dr. Lessie Bogan,TI
Z63508,Queen Ozella Huel,MI
L59867,Mrs. Eloisa West,MI
W97662,Miss Nia Dietrich,MI
N84214,Mrs. Ernestina Ernser,TK
Q07339,Prof. Mafalda Haag,SI
H10921,Queen Georgianna Hodkiewicz,TK
Y47172,Prof. Matilde Feeney,SI
P71034,Mrs. Jany Trantow,TK
E68913,Lady Kailee Rohan,MI
G55494,Queen Nettie Huel,MI
V19483,Lady Name Barton,TI
C33182,Queen Anne Stiedemann,TI
K58698,Miss Eula Huels,TI
A92582,Lady Matilde Hettinger,TI
V53858,Prof. Evalyn Windler,TI
H10531,Dr. Eden Windler,TK
N31101,Mrs. Jeanne Bauch,TI
K61637,Princess Katlynn Kessler,SI
R02166,Queen Dianna Prosacco,TI
U09278,Dr. Nikita Kuhic,TI
D59735,Mrs. Alvena Wilderman,SI
O92506,Queen Nona Boyle,SI
L29373,Lady Carlie Conroy,SI
B55633,Miss Winnifred Keeling,SI
I27295,Dr. Noelia Bartell,TI
C89080,Dr. Ashtyn Bednar,TI
J77470,Princess Viola Wunsch,SI
V82886,Dr. Marilie Jacobi,TI
A02321,Lady Jennyfer Weimann,MI
N70185,Prof. Casandra Gaylord,SI
X50356,Miss Isabelle Wiegand,SI
H61602,Lady Shanelle Muller,TK
I51686,Princess Marjorie VonRueden,MI
D02096,Miss Hermina Runolfsson,TI
C41771,Princess Drew Labadie,TI
B73641,Miss Lou Hoeger,TK
U71601,Queen Salma Cruickshank,SI
A34115,Mrs. Joannie Olson,TK
X14192,Miss Joyce Koss,SI
J41531,Queen Liliane Gutkowski,MI
V57695,Lady Cali Purdy,SI
W95152,Prof. Shanny Harber,TI
M90042,Princess Pinkie Olson,SI
R99180,Princess Judy Rohan,SI
B14546,Queen Elena Rippin,SI
J52666,Queen Cynthia Goyette,SI
W20692,Mrs. Wava Herzog,TK
X67059,Princess Abagail Turcotte,TI
D17593,Princess Danika Streich,SI
D88313,Lady Nyah Franecki,SI
D66159,Mrs. Zoey Christiansen,TK
D18491,Miss Bettye Batz,TK
Y41081,Dr. Felipa Boehm,TI
K22243,Queen Petra Torp,TI
R55032,Princess Hortense Wiza,TK
N27357,Mrs. Leda Keebler,TI
M33608,Dr. Elna Shields,TI
N61498,Lady Mya Hintz,SI
M42776,Queen Velda Koch,TK
I47156,Ms. Annamae Hoeger,TK
C28645,Ms. Bridget Lockman,TI
T91877,Mrs. Lelah Kris,TK
Z13353,Miss Arianna Russel,TI
L24946,Mrs. Bernice Kuhic,TK
S80659,Dr. Trudie O'Hara,SI
X97158,Mrs. Kelsie Pouros,MI
W31955,Ms. Leann Reichel,TK
D50354,Princess Meaghan McLaughlin,TI
U08871,Lady Ardith Stanton,TI
Z10229,Mrs. Myah Macejkovic,TI
Q65459,Princess Ada Kerluke,SI
Z53093,Ms. Dorothy O'Keefe,TK
J24646,Lady Onie Goyette,SI
C68869,Queen Sarai Keebler,TI
E10458,Prof. Syble Kautzer,SI
Q44649,Dr. Antoinette Little,TK
I04912,Ms. Agnes Stokes,MI
G77064,Lady Emilie Hand,TK
F02486,Princess Kassandra Oberbrunner,MI
A52384,Dr. Aiyana Willms,SI
R57144,Dr. Una Hettinger,MI
W46393,Prof. Marianne Murphy,TK
G76843,Mrs. Esperanza Wuckert,TK
O02024,Queen Lessie Johnston,SI
A06770,Queen Savannah Stehr,TI
Q22117,Ms. Loren Keebler,TK
Z48828,Princess Alberta Prohaska,TI
X36086,Princess Gloria Haley,SI
G62823,Lady Maybelle Rippin,SI
S21164,Dr. Verdie Carroll,TI
A97348,Mrs. Sandy Walter,MI
L52903,Miss Bridget Haag,SI
V19660,Miss Kelsi Lakin,TI
Q50700,Dr. Anabelle Streich,TK
R78138,Miss Cayla Fahey,MI
Y24985,Miss Adaline O'Connell,SI
I13255,Miss Willa Welch,TI
I75209,Dr. Vivien Gerhold,MI
U05520,Prof. Courtney Stanton,SI
T94877,Princess Wanda Crona,TI
V14613,Prof. Otha Beer,MI
G34278,Princess Michaela Pacocha,SI
D85600,Prof. Tina Morissette,TI
T61671,Prof. Rebeca Stroman,MI
J45378,Princess Hassie Padberg,MI
R83063,Dr. Icie Batz,TK
K33350,Ms. Josefina Berge,SI
A52056,Mrs. Rubye Langosh,MI
H70360,Prof. Rose Ebert,MI
X93474,Ms. Jermaine Leuschke,TI
D64171,Dr. Tess Von,TI
S96342,Queen Caleigh Abbott,TK
G90349,Prof. Nikki Stehr,SI
F35507,Lady Noemie Sporer,TI
B78353,Mrs. Rose Kshlerin,TI
W73360,Mrs. Sydnee Quigley,TK
X73097,Queen Cydney Collier,TI
T57745,Ms. Naomi Rogahn,TI
E41839,Dr. Graciela Rau,TK
F69295,Dr. Adella Haag,SI
M39720,Prof. Sabina Deckow,SI
T61657,Ms. Leonor Stiedemann,TK
F08637,Lady Celia Rodriguez,TK
O04823,Dr. Molly Ernser,TK
R27196,Mrs. Ettie Schaefer,TK
D26283,Mrs. Freeda Kiehn,TK
I47179,Dr. Antoinette Flatley,SI
N55133,Miss Ashlynn Cummerata,TK
J31694,Ms. Norma Maggio,MI
Q74894,Prof. Sonya Zieme,SI
P19778,Mrs. Vincenza Rowe,MI
F96217,Princess Adrianna Walker,TK
D26930,Dr. Della Pollich,MI
B06572,Princess Stephania Auer,TK
Z83014,Mrs. Vivien Ratke,MI
B88104,Princess Audie Cummerata,TK
E62139,Prof. Tracy Hudson,TI
P16869,Prof. Thelma Blick,TK
U36302,Prof. Yvonne Rice,MI
Y02157,Mrs. Lilliana Effertz,TK
Q58538,Mrs. Isabelle Herzog,TI
D01999,Miss Kaya Olson,MI
R16290,Queen Taryn Kuhic,MI
B93745,Queen Litzy Morissette,TK
L26212,Mrs. Rita Glover,SI
F64092,Princess Destinee Willms,TK
U50420,Lady Kathlyn Emard,SI
C23728,Mrs. Vella Considine,MI
F53771,Queen Dessie Kling,SI
G95695,Miss Princess Bogan,TI
L59063,Mrs. Bonnie Mills,TK
U82053,Princess Kiara Hilll,SI
N23577,Ms. Alyson Lockman,MI
U46354,Mrs. Etha Schiller,SI
L94136,Dr. Alvina Rolfson,TI
P20353,Lady Zelda VonRueden,MI
L73508,Queen Mariela Ritchie,SI
Z29243,Lady Asha Lebsack,TI
I30176,Princess Estell Conroy,TI
H27162,Mrs. Duane Schuster,MI
M92306,Miss Astrid Beatty,TI
X97282,Dr. Oma Barrows,TI
S74901,Queen Jody Kozey,MI
U31609,Ms. Liliana Metz,MI
V25198,Ms. Sienna Pfannerstill,MI
V91866,Queen Odie Reinger,MI
S07469,Prof. Annamarie Pagac,TK
D53660,Queen Delfina Kohler,TI
J19885,Princess Rahsaan Balistreri,TI
G07843,Miss Zora Breitenberg,TK
F76222,Dr. Elmira Pfeffer,TK
G39010,Prof. May Corkery,MI
V78440,Lady Augusta Ondricka,SI
A34040,Princess Cayla Abshire,MI
H52021,Princess Phyllis Reichert,TK
G38896,Ms. Stacey Eichmann,TI
W18711,Dr. Litzy Fahey,MI
U25987,Princess Laurence Koelpin,SI
M39318,Prof. Tania Leannon,MI
O17674,Queen Sandrine Emmerich,MI
E08325,Queen Lucy Parisian,TK
H50556,Queen Ernestine Gleichner,TK
S25409,Dr. Adaline Kautzer,MI
O41594,Princess Daisha Bashirian,TI
Z93299,Lady Simone Barton,MI
E47496,Ms. Christine Nicolas,TK
C75149,Prof. Etha Schmidt,MI
M94365,Ms. Isabelle Mante,MI
R03642,Mrs. Claudia Schiller,TK
L57948,Prof. Karelle Kling,MI
M74984,Princess Hollie Dare,TI
R44943,Miss Estrella O'Conner,SI
G34993,Ms. Vincenza Dicki,TI
Z33460,Princess Marianna Jenkins,SI
E58645,Queen Constance Schumm,TI
R91121,Ms. Nikki Ryan,TK
O94855,Queen Avis Haley,TI
P79265,Ms. Aliya Halvorson,MI
P52660,Dr. Ara Pfeffer,MI
M75230,Dr. Felicity Bartoletti,TK
Z89116,Queen Annetta Bauch,MI
W73025,Queen Candace Rogahn,TI
V27443,Queen Abigayle West,TK
G86809,Mrs. Madilyn Tillman,TK
D03496,Miss Ellen Balistreri,SI
Z29173,Dr. Gloria Zemlak,MI
E63553,Miss Antonietta Auer,TI
I75711,Ms. Ernestina Feil,SI
M92818,Miss Adah Ritchie,TK
U64495,Princess Kaia Senger,MI
L04833,Queen Zoie Bradtke,MI
C66869,Miss Sadye Satterfield,TK
I71863,Princess Aliza Paucek,TI
J23196,Mrs. Barbara Predovic,MI
E09790,Miss Janae Herzog,TI
L47288,Mrs. Shyanne Witting,MI
X57139,Prof. Norene Rutherford,TI
I95735,Princess Maya Wunsch,TK
E68414,Mrs. Oma DuBuque,MI
M84013,Mrs. Orpha Green,TI
A52343,Princess Aubrey Homenick,TI
P89703,Mrs. Adele Murray,SI
M64686,Lady Jude Zieme,TI
J29976,Lady Missouri Schroeder,TK
Q97680,Miss Jaquelin Maggio,SI
P22268,Dr. Ashlynn Lesch,TI
D78823,Lady Karianne Osinski,TI
I51934,Queen Krystel Kreiger,TK
K10668,Mrs. Miracle Wisoky,MI
K81654,Queen Rita Graham,TK
V07109,Princess Ruby Ledner,SI
Q35757,Princess Luna Bernier,SI
Q35706,Prof. Alice Koelpin,TI
R04573,Mrs. Rosie Paucek,TK
Q05910,Prof. Kaylin Fahey,MI
I86166,Mrs. Amya Rowe,MI
O77954,Queen Leann Satterfield,TI
G65089,Ms. Yadira Zieme,MI
U49233,Ms. Dawn Grady,TK
Z05987,Dr. Camilla Rowe,SI
Q75471,Mrs. Felicia Littel,TK
R27593,Lady Angelita Keebler,TI
W49413,Dr. Deborah Barrows,TK
U90386,Dr. Clementine McKenzie,TI
Z55541,Mrs. Margarette Miller,TK
X21635,Miss Elody Feest,TI
A92230,Mrs. Cleora Schowalter,SI
